A0111201M,A0111506X
A0098742R,A0101807R
A0113955A,A0115934E
A0115934E,A0113955A
A0115591H,A0114507N
A0105680L,A0105743L
A0116367A,A0115152W
A0115152W,A0116367A
A0098954H,A0099003J
A0116334N,A0116295A
A0119407H,A0119488N
A0099708L,A0098728J
A0096708R,A0102052E
A0111028Y,A0111485L
A0119477U,A0119551H
A0115347J,A0116408L
A0113688X,A0114769W
A0105684A,A0091846W
A0119437B,A0119463A
A0115430X,A0115575A
A0115128N,A0114557E
A0111485L,A0111028Y
A0116339E,A0115786W
A0100617W,A0105498X
A0114512X,A0115675B
A0115639B,A0115068J
A0105660N,A0102341A
A0119543E,A0115532R
A0099201J,A0102636N
A0114790H,A0114953E
A0119488N,A0119407H
A0115004A,A0114950L
A0101673N,A0084627X
A0114710X,A0113852M
A0115819B,A0100840Y
A0111452X,A0110795E
A0115920N,A0116050Y
A0112202J,A0112048U
A0116773B,A0114364M
A0115595Y,A0116379X
A0115097E,A0115973Y
A0114409M,a0112219u
A0105776Y,A0097445U
A0091701N,A0091711M
A0102711B,A0111641X
A0111641X,A0102711B
A0116738Y,A0116662H
A0102548L,A0100288M
A0105475H,A0105597X
A0112186M,A0112211J
A0119544A,A0115448E
A0115403X,A0115030E
A0111458L,A0111085U
